{
    "name": "root",
    "gauges": {
        "MyBehavior.Policy.Entropy.mean": {
            "value": 0.36718887090682983,
            "min": 0.3272799849510193,
            "max": 0.6673698425292969,
            "count": 9
        },
        "MyBehavior.Policy.Entropy.sum": {
            "value": 18131.787109375,
            "min": 16337.8173828125,
            "max": 33315.1015625,
            "count": 9
        },
        "MyBehavior.Step.mean": {
            "value": 549996.0,
            "min": 149962.0,
            "max": 549996.0,
            "count": 9
        },
        "MyBehavior.Step.sum": {
            "value": 549996.0,
            "min": 149962.0,
            "max": 549996.0,
            "count": 9
        },
        "MyBehavior.Policy.ExtrinsicValueEstimate.mean": {
            "value": 0.002725998405367136,
            "min": 0.002725998405367136,
            "max": 0.26733189821243286,
            "count": 9
        },
        "MyBehavior.Policy.ExtrinsicValueEstimate.sum": {
            "value": 5.961758613586426,
            "min": 3.2531676292419434,
            "max": 208.25155639648438,
            "count": 9
        },
        "MyBehavior.Losses.PolicyLoss.mean": {
            "value": 0.024539306815431428,
            "min": 0.021884264770161477,
            "max": 0.026936645799485796,
            "count": 9
        },
        "MyBehavior.Losses.PolicyLoss.sum": {
            "value": 0.12269653407715714,
            "min": 0.08753705908064591,
            "max": 0.12269653407715714,
            "count": 9
        },
        "MyBehavior.Losses.ValueLoss.mean": {
            "value": 6.986705624327376e-05,
            "min": 2.2293598084087132e-07,
            "max": 0.0009149603357593261,
            "count": 9
        },
        "MyBehavior.Losses.ValueLoss.sum": {
            "value": 0.0003493352812163688,
            "min": 8.917439233634853e-07,
            "max": 0.0036598413430373043,
            "count": 9
        },
        "MyBehavior.Policy.LearningRate.mean": {
            "value": 0.00029996849773050076,
            "min": 0.00029996849773050076,
            "max": 0.00029999226564257804,
            "count": 9
        },
        "MyBehavior.Policy.LearningRate.sum": {
            "value": 0.0014998424886525038,
            "min": 0.0011998861185979603,
            "max": 0.0014999319522226826,
            "count": 9
        },
        "MyBehavior.Policy.Epsilon.mean": {
            "value": 0.19998949923999998,
            "min": 0.19998949923999998,
            "max": 0.19999742188000003,
            "count": 9
        },
        "MyBehavior.Policy.Epsilon.sum": {
            "value": 0.9999474961999999,
            "min": 0.7999620395200001,
            "max": 0.9999773174000002,
            "count": 9
        },
        "MyBehavior.Policy.Beta.mean": {
            "value": 0.004999476012076,
            "min": 0.004999476012076,
            "max": 0.004999871351812,
            "count": 9
        },
        "MyBehavior.Policy.Beta.sum": {
            "value": 0.02499738006038,
            "min": 0.019998105772048,
            "max": 0.02499886813826,
            "count": 9
        },
        "MyBehavior.IsTraining.mean": {
            "value": 1.0,
            "min": 1.0,
            "max": 1.0,
            "count": 9
        },
        "MyBehavior.IsTraining.sum": {
            "value": 1.0,
            "min": 1.0,
            "max": 1.0,
            "count": 9
        },
        "MyBehavior.Environment.EpisodeLength.mean": {
            "value": 16.989795918367346,
            "min": 16.989795918367346,
            "max": 16.989795918367346,
            "count": 1
        },
        "MyBehavior.Environment.EpisodeLength.sum": {
            "value": 33300.0,
            "min": 33300.0,
            "max": 33300.0,
            "count": 1
        },
        "MyBehavior.Environment.CumulativeReward.mean": {
            "value": 0.0,
            "min": 0.0,
            "max": 0.0,
            "count": 1
        },
        "MyBehavior.Environment.CumulativeReward.sum": {
            "value": 0.0,
            "min": 0.0,
            "max": 0.0,
            "count": 1
        },
        "MyBehavior.Policy.ExtrinsicReward.mean": {
            "value": 0.0,
            "min": 0.0,
            "max": 0.0,
            "count": 1
        },
        "MyBehavior.Policy.ExtrinsicReward.sum": {
            "value": 0.0,
            "min": 0.0,
            "max": 0.0,
            "count": 1
        }
    },
    "metadata": {
        "timer_format_version": "0.1.0",
        "start_time_seconds": "1689101338",
        "python_version": "3.10.4 (tags/v3.10.4:9d38120, Mar 23 2022, 23:13:41) [MSC v.1929 64 bit (AMD64)]",
        "command_line_arguments": "D:\\Unity projets\\Zalm Fly\\venv\\Scripts\\mlagents-learn D:\\Unity projets\\Zalm Fly\\Assets\\ConfigAgent\\configuration.yaml --resume",
        "mlagents_version": "0.30.0",
        "mlagents_envs_version": "0.30.0",
        "communication_protocol_version": "1.5.0",
        "pytorch_version": "1.11.0+cpu",
        "numpy_version": "1.23.5",
        "end_time_seconds": "1689101957"
    },
    "total": 618.5361441999994,
    "count": 1,
    "self": 10.011637099996733,
    "children": {
        "run_training.setup": {
            "total": 0.07519150000007357,
            "count": 1,
            "self": 0.07519150000007357
        },
        "TrainerController.start_learning": {
            "total": 608.4493156000026,
            "count": 1,
            "self": 0.4000423995385063,
            "children": {
                "TrainerController._reset_env": {
                    "total": 3.4045002999991993,
                    "count": 1,
                    "self": 3.4045002999991993
                },
                "TrainerController.advance": {
                    "total": 604.5791061004638,
                    "count": 26094,
                    "self": 0.34890610064030625,
                    "children": {
                        "env_step": {
                            "total": 507.0980299003204,
                            "count": 26094,
                            "self": 484.195454300454,
                            "children": {
                                "SubprocessEnvManager._take_step": {
                                    "total": 22.645465700123168,
                                    "count": 26096,
                                    "self": 1.0602505002825637,
                                    "children": {
                                        "TorchPolicy.evaluate": {
                                            "total": 21.585215199840604,
                                            "count": 25814,
                                            "self": 21.585215199840604
                                        }
                                    }
                                },
                                "workers": {
                                    "total": 0.2571098997432273,
                                    "count": 26093,
                                    "self": 0.0,
                                    "children": {
                                        "worker_root": {
                                            "total": 585.818813100268,
                                            "count": 26093,
                                            "is_parallel": true,
                                            "self": 151.83249949972378,
                                            "children": {
                                                "steps_from_proto": {
                                                    "total": 0.0011627999992924742,
                                                    "count": 3,
                                                    "is_parallel": true,
                                                    "self": 0.0005559999917750247,