{
    "name": "root",
    "gauges": {
        "MyBehavior.Policy.Entropy.mean": {
            "value": 0.2927126884460449,
            "min": 0.2927126884460449,
            "max": 0.32637545466423035,
            "count": 2
        },
        "MyBehavior.Policy.Entropy.sum": {
            "value": 14612.216796875,
            "min": 13786.0986328125,
            "max": 14612.216796875,
            "count": 2
        },
        "MyBehavior.Step.mean": {
            "value": 199973.0,
            "min": 149989.0,
            "max": 199973.0,
            "count": 2
        },
        "MyBehavior.Step.sum": {
            "value": 199973.0,
            "min": 149989.0,
            "max": 199973.0,
            "count": 2
        },
        "MyBehavior.Policy.ExtrinsicValueEstimate.mean": {
            "value": -1.3046956062316895,
            "min": -2.5727648735046387,
            "max": -1.3046956062316895,
            "count": 2
        },
        "MyBehavior.Policy.ExtrinsicValueEstimate.sum": {
            "value": -1018.96728515625,
            "min": -1690.3065185546875,
            "max": -1018.96728515625,
            "count": 2
        },
        "MyBehavior.Losses.PolicyLoss.mean": {
            "value": 0.02341093736079832,
            "min": 0.02341093736079832,
            "max": 0.024066481369340587,
            "count": 2
        },
        "MyBehavior.Losses.PolicyLoss.sum": {
            "value": 0.1170546868039916,
            "min": 0.07219944410802176,
            "max": 0.1170546868039916,
            "count": 2
        },
        "MyBehavior.Losses.ValueLoss.mean": {
            "value": 0.01100260882017513,
            "min": 0.01100260882017513,
            "max": 0.03684044900453753,
            "count": 2
        },
        "MyBehavior.Losses.ValueLoss.sum": {
            "value": 0.05501304410087565,
            "min": 0.05501304410087565,
            "max": 0.11052134701361259,
            "count": 2
        },
        "MyBehavior.Policy.LearningRate.mean": {
            "value": 0.000299989721943426,
            "min": 0.000299989721943426,
            "max": 0.00029999225634258123,
            "count": 2
        },
        "MyBehavior.Policy.LearningRate.sum": {
            "value": 0.00149994860971713,
            "min": 0.0008999767690277438,
            "max": 0.00149994860971713,
            "count": 2
        },
        "MyBehavior.Policy.Epsilon.mean": {
            "value": 0.19999657398000004,
            "min": 0.19999657398000004,
            "max": 0.19999741878,
            "count": 2
        },
        "MyBehavior.Policy.Epsilon.sum": {
            "value": 0.9999828699000002,
            "min": 0.59999225634,
            "max": 0.9999828699000002,
            "count": 2
        },
        "MyBehavior.Policy.Beta.mean": {
            "value": 0.004999829041602,
            "min": 0.004999829041602,
            "max": 0.004999871197122,
            "count": 2
        },
        "MyBehavior.Policy.Beta.sum": {
            "value": 0.024999145208010002,
            "min": 0.014999613591366,
            "max": 0.024999145208010002,
            "count": 2
        },
        "MyBehavior.IsTraining.mean": {
            "value": 1.0,
            "min": 1.0,
            "max": 1.0,
            "count": 2
        },
        "MyBehavior.IsTraining.sum": {
            "value": 1.0,
            "min": 1.0,
            "max": 1.0,
            "count": 2
        }
    },
    "metadata": {
        "timer_format_version": "0.1.0",
        "start_time_seconds": "1689179094",
        "python_version": "3.10.4 (tags/v3.10.4:9d38120, Mar 23 2022, 23:13:41) [MSC v.1929 64 bit (AMD64)]",
        "command_line_arguments": "D:\\Unity projets\\Zalm Fly\\venv\\Scripts\\mlagents-learn ConfigAgent\\configuration.yaml --resume",
        "mlagents_version": "0.30.0",
        "mlagents_envs_version": "0.30.0",
        "communication_protocol_version": "1.5.0",
        "pytorch_version": "1.11.0+cpu",
        "numpy_version": "1.23.5",
        "end_time_seconds": "1689179263"
    },
    "total": 169.11683600000106,
    "count": 1,
    "self": 10.005249899986666,
    "children": {
        "run_training.setup": {
            "total": 0.0710700000054203,
            "count": 1,
            "self": 0.0710700000054203
        },
        "TrainerController.start_learning": {
            "total": 159.04051610000897,
            "count": 1,
            "self": 0.10500130083528347,
            "children": {
                "TrainerController._reset_env": {
                    "total": 3.048831899999641,
                    "count": 1,
                    "self": 3.048831899999641
                },
                "TrainerController.advance": {
                    "total": 155.76900319916604,
                    "count": 8664,
                    "self": 0.09728899861511309,
                    "children": {
                        "env_step": {
                            "total": 130.2354492003651,
                            "count": 8664,
                            "self": 123.62964890060539,
                            "children": {
                                "SubprocessEnvManager._take_step": {
                                    "total": 6.532157499619643,
                                    "count": 8665,
                                    "self": 0.3300148000125773,
                                    "children": {
                                        "TorchPolicy.evaluate": {
                                            "total": 6.202142699607066,
                                            "count": 8665,
                                            "self": 6.202142699607066
                                        }
                                    }
                                },
                                "workers": {
                                    "total": 0.07364280014007818,
                                    "count": 8663,
                                    "self": 0.0,
                                    "children": {
                                        "worker_root": {
                                            "total": 114.09404490035377,
                                            "count": 8663,
                                            "is_parallel": true,
                                            "self": 40.33819739999308,
                                            "children": {
                                                "steps_from_proto": {
                                                    "total": 0.0008630000083940104,
                                                    "count": 2,
                                                    "is_parallel": true,
                                                    "self": 0.00040210002043750137,
                                                    "children": {
                                                        "_process_rank_one_or_two_observation": {
                                                            "total": 0.000460899987956509,
                                                            "count": 4,
                                                            "is_parallel": true,
                                                            "self": 0.000460899987956509
                                                        }
                                                    }
                                                },
                                                "UnityEnvironment.step": {
                                                    "total": 73.7549845003523,
                                                    "count": 8663,
                                                    "is_parallel": true,
                                                    "self": 0.9201337998674717,