{"count":1,"self":59.9364736,"total":150.80585209999998,"children":{"InitializeActuators":{"count":1,"self":0.0009996,"total":0.0009996,"children":null},"InitializeSensors":{"count":1,"self":0.0010004,"total":0.0010004,"children":null},"AgentSendState":{"count":169234,"self":0.3144914,"total":12.9592473,"children":{"CollectObservations":{"count":39016,"self":6.660436,"total":6.6604361,"children":null},"WriteActionMask":{"count":32813,"self":0.028027399999999997,"total":0.028027399999999997,"children":null},"RequestDecision":{"count":32813,"self":0.1044286,"total":5.9562924,"children":{"AgentInfo.ToProto":{"count":32813,"self":0.10156849999999999,"total":5.8518637999999994,"children":{"GenerateSensorData":{"count":32813,"self":5.7502952,"total":5.7502952999999994,"children":null}}}}}}},"DecideAction":{"count":163031,"self":77.50533759999999,"total":77.5053367,"children":null},"AgentAct":{"count":163031,"self":0.40279739999999997,"total":0.40279739999999997,"children":null}},"gauges":{},"metadata":{"timer_format_version":"0.1.0","start_time_seconds":"1689179450","unity_version":"2021.3.16f1","command_line_arguments":"D:\\Unity\\2021.3.16f1\\Editor\\Unity.exe -projectpath D:\\Unity projets\\Zalm Fly -useHub -hubIPC -cloudEnvironment production -licensingIpc LicenseClient-Matthieu -hubSessionId c550710c-10ae-4314-ad46-7f956113416d -accessToken dRhrM9I9dWXpBiyS0LUbCX1MFt-mlloRYCQJ5jDWMJk012f","communication_protocol_version":"1.5.0","com.unity.ml-agents_version":"2.0.1","scene_name":"SampleScene","end_time_seconds":"1689179600"}}